z,n,symbol,half_life
0,1,n,613.9
0,4,n,2.6
1,2,H,12.32
1,4,H,5.3
1,5,H,1.55
1,6,H,0.09
2,3,He,0.648
2,4,He,806.7
2,5,He,150
2,6,He,119.1
2,8,He,300
3,2,Li,1.23
3,5,Li,839.9
3,6,Li,178.3
3,8,Li,8.75
4,2,Be,92
4,3,Be,53.22
4,4,Be,5.57
4,6,Be,1.51E+6
4,7,Be,13.76
4,8,Be,21.46
4,9,Be,2.7E-21
4,10,Be,4.35
4,11,Be,0.58
4,12,Be,0.8
5,2,B,801
5,3,B,770
5,4,B,0.54
5,7,B,20.20
5,8,B,17.33
5,9,B,12.5
5,10,B,9.93
5,11,B,100
5,12,B,5.08
5,14,B,2.92
5,15,B,500
5,16,B,600
6,2,C,130
6,3,C,126.5
6,4,C,19.290
6,5,C,20.364
6,8,C,5700
6,9,C,2.449
6,10,C,0.747
6,11,C,193
6,12,C,92
6,13,C,46.3
6,14,C,16.3
6,16,C,6.1
7,3,N,2.5
7,4,N,830
7,5,N,11.000
7,6,N,9.965
7,9,N,7.13
7,10,N,4.173
7,11,N,619
7,12,N,336
7,13,N,134.4
7,14,N,84
7,15,N,23
7,16,N,14.1
7,17,N,52
8,3,O,1.30
8,4,O,72
8,5,O,8.58
8,6,O,70.606
8,7,O,122.24
8,11,O,26.88
8,12,O,13.51
8,13,O,3.42
8,14,O,2.25
8,15,O,97
8,16,O,72
8,18,O,4.5
9,4,F,1.01
9,5,F,910
9,6,F,660
9,7,F,40
9,8,F,64.49
9,9,F,109.77
9,11,F,11.07
9,12,F,4.158
9,13,F,4.23
9,14,F,2.23
9,15,F,382
9,16,F,80
9,17,F,8.2
9,18,F,5.0
9,19,F,0.046
9,20,F,2.5
10,5,Ne,0.59
10,6,Ne,80
10,7,Ne,109.2
10,8,Ne,1672
10,9,Ne,17.22
10,13,Ne,37.25
10,14,Ne,3.38
10,15,Ne,602
10,16,Ne,197
10,17,Ne,31.5
10,18,Ne,20
10,19,Ne,15
10,20,Ne,7.3
10,21,Ne,3.4
10,22,Ne,3.5
10,23,Ne,180
10,24,Ne,60
11,7,Na,0.2
11,8,Na,40
11,9,Na,447.9
11,10,Na,22.49
11,11,Na,2.6018
11,13,Na,14.956
11,14,Na,59.1
11,15,Na,1.07128
11,16,Na,301
11,17,Na,30.5
11,18,Na,44.1
11,19,Na,48
11,20,Na,17.0
11,21,Na,13.2
11,22,Na,8.0
11,23,Na,5.5
11,24,Na,1.8
11,25,Na,180
11,26,Na,60
12,6,Mg,0.12
12,7,Mg,1.14E-4
12,8,Mg,90.4
12,9,Mg,122
12,10,Mg,3.8755
12,11,Mg,11.3046
12,15,Mg,9.458
12,16,Mg,20.915
12,17,Mg,1.30
12,18,Mg,335
12,19,Mg,270
12,20,Mg,86
12,21,Mg,90.5
12,22,Mg,20
12,23,Mg,11.3
12,24,Mg,7.6
12,25,Mg,8
12,27,Mg,180
13,8,Al,35
13,9,Al,91.1
13,10,Al,446
13,11,Al,2.053
13,12,Al,7.183
13,13,Al,7.17E+5
13,15,Al,2.245
13,16,Al,6.56
13,17,Al,3.62
13,18,Al,644
13,19,Al,33.0
13,20,Al,41.7
13,21,Al,56.3
13,22,Al,38.3
13,23,Al,90
13,24,Al,10.7
13,25,Al,9.0
13,26,Al,7.6
13,27,Al,260
13,29,Al,170
13,30,Al,170
14,8,Si,29
14,9,Si,42.3
14,10,Si,141.3
14,11,Si,220
14,12,Si,2.2453
14,13,Si,4.15
14,17,Si,157.24
14,18,Si,157
14,19,Si,6.11
14,20,Si,2.77
14,21,Si,0.78
14,22,Si,0.45
14,23,Si,90
14,24,Si,63
14,25,Si,47.5
14,26,Si,33.0
14,27,Si,20.0
14,28,Si,12.5
14,29,Si,60
14,30,Si,360
15,10,P,30
15,11,P,43.7
15,12,P,260
15,13,P,270.3
15,14,P,4.142
15,15,P,2.498
15,17,P,14.268
15,18,P,25.35
15,19,P,12.43
15,20,P,47.3
15,21,P,5.6
15,22,P,2.31
15,23,P,0.64
15,24,P,0.28
15,25,P,150
15,26,P,101
15,27,P,48.5
15,28,P,36.5
15,29,P,18.5
15,30,P,200
16,10,S,79
16,11,S,15.5
16,12,S,125
16,13,S,188
16,14,S,1.178
16,15,S,2.5534
16,19,S,87.37
16,21,S,5.05
16,22,S,170.3
16,23,S,11.5
16,24,S,8.8
16,25,S,1.99
16,26,S,1.016
16,27,S,265
16,28,S,100
16,29,S,68
16,30,S,50
17,12,Cl,20
17,13,Cl,30
17,14,Cl,190
17,15,Cl,298
17,16,Cl,2.511
17,17,Cl,1.5266
17,19,Cl,3.013E+5
17,21,Cl,37.230
17,22,Cl,56.2
17,23,Cl,1.35
17,24,Cl,38.4
17,25,Cl,6.8
17,26,Cl,3.13
17,27,Cl,0.56
17,28,Cl,413
17,29,Cl,232
17,30,Cl,101
17,32,Cl,170
18,12,Ar,10
18,13,Ar,15.0
18,14,Ar,98
18,15,Ar,173.0
18,16,Ar,843.8
18,17,Ar,1.7756
18,19,Ar,35.011
18,21,Ar,268
18,23,Ar,109.61
18,24,Ar,32.9
18,25,Ar,5.37
18,26,Ar,11.87
18,27,Ar,21.48
18,28,Ar,8.4
18,29,Ar,1.23
18,30,Ar,416
18,31,Ar,170
18,32,Ar,106
18,35,Ar,620
19,12,K,10
19,14,K,25
19,15,K,25
19,16,K,178
19,17,K,341
19,18,K,1.225
19,19,K,7.651
19,21,K,1.248E+9
19,23,K,12.355
19,24,K,22.3
19,25,K,22.13
19,26,K,17.81
19,27,K,105
19,28,K,17.50
19,29,K,6.8
19,30,K,1.26
19,31,K,472
19,32,K,365
19,33,K,110
19,34,K,30
19,35,K,10
20,14,Ca,35
20,15,Ca,25.7
20,16,Ca,101.2
20,17,Ca,181.1
20,18,Ca,443.76
20,19,Ca,860.3
20,21,Ca,9.94E+4
20,25,Ca,162.61
20,27,Ca,4.536
20,28,Ca,2.9E19
20,29,Ca,8.718
20,30,Ca,13.45
20,31,Ca,10.0
20,32,Ca,4.6
20,33,Ca,461
20,34,Ca,107
20,35,Ca,22
20,36,Ca,11
20,37,Ca,620
20,38,Ca,620
21,18,Sc,300
21,19,Sc,182.3
21,20,Sc,596.3
21,21,Sc,680.79
21,22,Sc,3.891
21,23,Sc,3.97
21,25,Sc,83.79
21,26,Sc,3.3492
21,27,Sc,43.71
21,28,Sc,57.18
21,29,Sc,102.5
21,30,Sc,12.4
21,31,Sc,8.2
21,32,Sc,2.6
21,33,Sc,526
21,34,Sc,96
21,35,Sc,26
21,36,Sc,13
21,37,Sc,12
22,16,Ti,120
22,17,Ti,28.5
22,18,Ti,52.4
22,19,Ti,81.9
22,20,Ti,208.65
22,21,Ti,509
22,22,Ti,59.1
22,23,Ti,184.8
22,29,Ti,5.76
22,30,Ti,1.7
22,31,Ti,32.7
22,32,Ti,2.1
22,33,Ti,1.3
22,34,Ti,200
22,35,Ti,98
22,36,Ti,58
22,37,Ti,28.5
22,38,Ti,22
22,39,Ti,15
22,40,Ti,620
22,41,Ti,360
23,19,V,55
23,20,V,79.3
23,21,V,111
23,22,V,547
23,23,V,422.50
23,24,V,32.6
23,25,V,15.974
23,26,V,330
23,27,V,2.65E+17
23,29,V,3.743
23,30,V,1.543
23,31,V,49.8
23,32,V,6.54
23,33,V,216
23,34,V,0.32
23,35,V,191
23,36,V,97
23,37,V,122
23,38,V,48.3
23,39,V,33.6
23,40,V,17
23,41,V,15
23,42,V,360
23,43,V,360
23,44,V,620
24,18,Cr,13.3
24,19,Cr,21.2
24,20,Cr,42.8
24,21,Cr,60.9
24,22,Cr,0.26
24,23,Cr,500
24,24,Cr,21.56
24,25,Cr,42.3
24,26,Cr,1.3E+18
24,27,Cr,27.704
24,31,Cr,3.497
24,32,Cr,5.94
24,33,Cr,21.1
24,34,Cr,7.0
24,35,Cr,0.74
24,36,Cr,0.49
24,37,Cr,234
24,38,Cr,206
24,39,Cr,129
24,40,Cr,42.9
24,41,Cr,27
24,42,Cr,24
24,44,Cr,360
24,45,Cr,620
24,46,Cr,620
25,19,Mn,105
25,21,Mn,36.2
25,22,Mn,100
25,23,Mn,157.7
25,24,Mn,382
25,25,Mn,283.19
25,26,Mn,46.2
25,27,Mn,5.591
25,28,Mn,3.7E+6
25,29,Mn,312.20
25,31,Mn,2.5789
25,32,Mn,85.4
25,33,Mn,3.0
25,34,Mn,4.59
25,35,Mn,0.28
25,36,Mn,0.709
25,37,Mn,92
25,38,Mn,0.275
25,39,Mn,90
25,40,Mn,92
25,41,Mn,65
25,42,Mn,47
25,43,Mn,28
25,44,Mn,16
25,45,Mn,19.9
25,47,Mn,620
26,19,Fe,1.89
26,20,Fe,13.0
26,21,Fe,21.8
26,22,Fe,45.5
26,23,Fe,64.7
26,24,Fe,152.0
26,25,Fe,305
26,26,Fe,8.275
26,27,Fe,8.51
26,29,Fe,2.744
26,33,Fe,44.490
26,34,Fe,2.62E+6
26,35,Fe,5.98
26,36,Fe,68
26,37,Fe,6.1
26,38,Fe,2.0
26,39,Fe,0.81
26,40,Fe,440
26,41,Fe,0.6
26,42,Fe,188
26,43,Fe,110
26,44,Fe,65
26,45,Fe,35.7
26,46,Fe,150
26,47,Fe,12.9
26,48,Fe,8.2
26,49,Fe,620
27,23,Co,38.8
27,24,Co,68.8
27,25,Co,104
27,26,Co,240
27,27,Co,193.28
27,28,Co,17.53
27,29,Co,77.236
27,30,Co,271.74
27,31,Co,70.86
27,33,Co,1925.28
27,34,Co,1.649
27,35,Co,1.54
27,36,Co,27.4
27,37,Co,0.30
27,38,Co,1.16
27,39,Co,0.20
27,40,Co,0.425
27,41,Co,0.20
27,42,Co,227
27,43,Co,112
27,44,Co,80
27,45,Co,59.9
27,46,Co,40.7
27,47,Co,31.3
27,48,Co,30
27,49,Co,21.7
27,50,Co,13.0
28,20,Ni,2.1
28,21,Ni,7.5
28,22,Ni,18.5
28,23,Ni,23.8
28,24,Ni,40.8
28,25,Ni,55.2
28,26,Ni,114.2
28,27,Ni,203.7
28,28,Ni,6.075
28,29,Ni,35.60
28,31,Ni,7.6E+4
28,35,Ni,101.2
28,37,Ni,2.5175
28,38,Ni,54.6
28,39,Ni,21
28,40,Ni,29
28,41,Ni,11.4
28,42,Ni,6.0
28,43,Ni,2.56
28,44,Ni,1.57
28,45,Ni,0.84
28,46,Ni,507.7
28,47,Ni,344
28,48,Ni,0.238
28,49,Ni,158.9
28,50,Ni,0.11
28,51,Ni,43.0
28,52,Ni,24
29,24,Cu,130
29,25,Cu,75
29,26,Cu,55.9
29,27,Cu,80.4
29,28,Cu,196.3
29,29,Cu,3.204
29,30,Cu,81.5
29,31,Cu,23.7
29,32,Cu,3.339
29,33,Cu,9.67
29,35,Cu,12.7006
29,37,Cu,5.120
29,38,Cu,61.83
29,39,Cu,30.9
29,40,Cu,2.85
29,41,Cu,44.5
29,42,Cu,19.4
29,43,Cu,6.63
29,44,Cu,4.2
29,45,Cu,1.63
29,46,Cu,1.224
29,47,Cu,0.641
29,48,Cu,469.8
29,49,Cu,335
29,50,Cu,241.0
29,51,Cu,113.6
29,52,Cu,73.2
29,53,Cu,33
30,24,Zn,1.59
30,25,Zn,19.8
30,26,Zn,32.4
30,27,Zn,40
30,28,Zn,86.7
30,29,Zn,178.6
30,30,Zn,2.38
30,31,Zn,89.1
30,32,Zn,9.193
30,33,Zn,38.47
30,35,Zn,243.93
30,39,Zn,56.4
30,40,Zn,3.8E18
30,41,Zn,2.42
30,42,Zn,46.5
30,43,Zn,24.5
30,44,Zn,95.6
30,45,Zn,10.2
30,46,Zn,5.7
30,47,Zn,2.08
30,48,Zn,1.47
30,49,Zn,0.746
30,50,Zn,561.9
30,51,Zn,0.32
30,52,Zn,166
30,53,Zn,117
30,54,Zn,53.6
30,55,Zn,637
31,28,Ga,43
31,29,Ga,70
31,30,Ga,167
31,31,Ga,116.121
31,32,Ga,32.4
31,33,Ga,2.627
31,34,Ga,15.2
31,35,Ga,9.49
31,36,Ga,3.2617
31,37,Ga,67.71
31,39,Ga,21.14
31,41,Ga,14.10
31,42,Ga,4.86
31,43,Ga,8.12
31,44,Ga,126
31,45,Ga,32.6
31,46,Ga,13.2
31,47,Ga,5.09
31,48,Ga,2.848
31,49,Ga,1.9
31,50,Ga,1.217
31,51,Ga,0.600
31,52,Ga,308.1
31,53,Ga,95.2
31,54,Ga,92
31,55,Ga,43
31,56,Ga,634
32,27,Ge,13.3
32,28,Ge,110
32,29,Ge,44
32,30,Ge,129
32,31,Ge,150
32,32,Ge,63.7
32,33,Ge,30.9
32,34,Ge,2.26
32,35,Ge,18.9
32,36,Ge,270.93
32,37,Ge,39.05
32,39,Ge,11.43
32,43,Ge,82.78
32,45,Ge,11.211
32,46,Ge,88.0
32,47,Ge,18.98
32,48,Ge,29.5
32,49,Ge,7.6
32,50,Ge,4.0
32,51,Ge,1.85
32,52,Ge,0.954
32,53,Ge,503
32,54,Ge,226
32,55,Ge,0.14
32,56,Ge,300
33,30,As,43
33,31,As,69.0
33,32,As,128
33,33,As,95.77
33,34,As,42.5
33,35,As,151.6
33,36,As,15.2
33,37,As,52.6
33,38,As,65.30
33,39,As,26.0
33,40,As,80.30
33,41,As,17.77
33,43,As,26.24
33,44,As,38.79
33,45,As,90.7
33,46,As,9.01
33,47,As,15.2
33,48,As,33.3
33,49,As,19.1
33,50,As,13.4
33,51,As,4.2
33,52,As,2.021
33,53,As,0.945
33,54,As,484
33,55,As,0.20
34,29,Se,13.2
34,31,Se,33
34,32,Se,42
34,33,Se,133
34,34,Se,35.5
34,35,Se,27.4
34,36,Se,41.1
34,37,Se,4.74
34,38,Se,8.40
34,39,Se,7.15
34,41,Se,119.78
34,45,Se,3.27E+5
34,47,Se,18.45
34,48,Se,9.6E+19
34,49,Se,22.3
34,50,Se,3.26
34,51,Se,32.9
34,52,Se,14.3
34,53,Se,5.50
34,54,Se,1.53
34,55,Se,0.43
34,56,Se,195
34,57,Se,0.27
34,60,Se,150
34,61,Se,392
35,33,Br,35
35,34,Br,24
35,35,Br,79.1
35,36,Br,21.4
35,37,Br,78.6
35,38,Br,3.4
35,39,Br,25.4
35,40,Br,96.7
35,41,Br,16.2
35,42,Br,57.04
35,43,Br,6.45
35,45,Br,17.68
35,47,Br,35.282
35,48,Br,2.374
35,49,Br,31.76
35,50,Br,2.90
35,51,Br,55.1
35,52,Br,55.68
35,53,Br,16.34
35,54,Br,4.357
35,55,Br,1.91
35,56,Br,0.543
35,57,Br,0.314
35,58,Br,102
35,59,Br,70
35,60,Br,150
35,61,Br,150
36,31,Kr,7.4
36,32,Kr,21.6
36,33,Kr,28
36,34,Kr,40
36,35,Kr,94.9
36,36,Kr,17.1
36,37,Kr,27.3
36,38,Kr,11.50
36,39,Kr,4.60
36,40,Kr,14.8
36,41,Kr,71.25
36,43,Kr,35.04
36,45,Kr,2.29E+5
36,49,Kr,10.739
36,51,Kr,76.3
36,52,Kr,2.825
36,53,Kr,3.15
36,54,Kr,32.32
36,55,Kr,8.57
36,56,Kr,1.840
36,57,Kr,1.286
36,58,Kr,212
36,59,Kr,0.114
36,60,Kr,80
36,61,Kr,63
36,62,Kr,43
36,63,Kr,13
36,64,Kr,7
36,65,Kr,635
37,35,Rb,103
37,36,Rb,81
37,37,Rb,64.776
37,38,Rb,19.0
37,39,Rb,36.5
37,40,Rb,3.78
37,41,Rb,17.66
37,42,Rb,22.9
37,43,Rb,33.4
37,44,Rb,4.572
37,45,Rb,1.2575
37,46,Rb,86.2
37,47,Rb,32.82
37,49,Rb,18.642
37,50,Rb,4.97E+10
37,51,Rb,17.773
37,52,Rb,15.32
37,53,Rb,158
37,54,Rb,58.2
37,55,Rb,4.48
37,56,Rb,5.84
37,57,Rb,2.702
37,58,Rb,377.7
37,59,Rb,203
37,60,Rb,169.1
37,61,Rb,115
37,62,Rb,54
37,63,Rb,52
37,64,Rb,32
37,65,Rb,37
37,66,Rb,23
38,35,Sr,25
38,36,Sr,27
38,37,Sr,88
38,38,Sr,7.89
38,39,Sr,9.0
38,40,Sr,160
38,41,Sr,2.25
38,42,Sr,106.3
38,43,Sr,22.3
38,44,Sr,25.35
38,45,Sr,32.41
38,47,Sr,64.849
38,51,Sr,50.563
38,52,Sr,28.91
38,53,Sr,9.65
38,54,Sr,2.611
38,55,Sr,7.43
38,56,Sr,75.3
38,57,Sr,23.90
38,58,Sr,1.07
38,59,Sr,429
38,60,Sr,0.653
38,61,Sr,0.269
38,62,Sr,200
38,63,Sr,118
38,64,Sr,69
38,65,Sr,53
38,66,Sr,53
38,67,Sr,39
38,68,Sr,20
38,69,Sr,395
39,37,Y,200
39,38,Y,57
39,39,Y,53
39,40,Y,14.8
39,41,Y,30.1
39,42,Y,70.4
39,43,Y,8.30
39,44,Y,7.08
39,45,Y,39.5
39,46,Y,2.68
39,47,Y,14.74
39,48,Y,79.8
39,49,Y,106.626
39,51,Y,64.05
39,52,Y,58.51
39,53,Y,3.54
39,54,Y,10.18
39,55,Y,18.7
39,56,Y,10.3
39,57,Y,5.34
39,58,Y,3.75
39,59,Y,0.548
39,60,Y,1.484
39,61,Y,732
39,62,Y,0.45
39,63,Y,0.36
39,64,Y,0.23
39,65,Y,197
39,66,Y,107
39,67,Y,79
39,68,Y,33.5
39,69,Y,30
39,70,Y,25
40,38,Zr,170
40,39,Zr,56
40,40,Zr,4.6
40,41,Zr,5.5
40,42,Zr,32
40,43,Zr,42
40,44,Zr,25.8
40,45,Zr,7.86
40,46,Zr,16.5
40,47,Zr,1.68
40,48,Zr,83.4
40,49,Zr,78.41
40,53,Zr,1.61E+6
40,55,Zr,64.032
40,56,Zr,2.0E+19
40,57,Zr,16.749
40,58,Zr,30.7
40,59,Zr,2.1
40,60,Zr,7.1
40,61,Zr,2.3
40,62,Zr,2.9
40,63,Zr,1.3
40,64,Zr,1.2
40,65,Zr,0.66
40,66,Zr,180
40,67,Zr,146
40,68,Zr,77.4
40,69,Zr,56
40,70,Zr,37.5
40,71,Zr,24.0
40,72,Zr,30
41,40,Nb,200
41,41,Nb,50
41,42,Nb,3.9
41,43,Nb,9.8
41,44,Nb,20.5
41,45,Nb,88
41,46,Nb,3.7
41,47,Nb,14.50
41,48,Nb,2.03
41,49,Nb,14.60
41,50,Nb,6.8E+2
41,51,Nb,3.47E+7
41,53,Nb,2.03E+4
41,54,Nb,34.991
41,55,Nb,23.35
41,56,Nb,72.1
41,57,Nb,2.86
41,58,Nb,15.0
41,59,Nb,1.4
41,60,Nb,7.1
41,61,Nb,4.3
41,62,Nb,1.5
41,63,Nb,4.9
41,64,Nb,2.91
41,65,Nb,1.02
41,66,Nb,300
41,67,Nb,198
41,68,Nb,108
41,69,Nb,82
41,70,Nb,54
41,71,Nb,33
41,72,Nb,32
41,73,Nb,17
41,74,Nb,23
42,39,Mo,450
42,40,Mo,?
42,41,Mo,6
42,42,Mo,2.3
42,43,Mo,3.2
42,44,Mo,19.1
42,45,Mo,14.1
42,46,Mo,8.0
42,47,Mo,2.11
42,48,Mo,5.56
42,49,Mo,15.49
42,51,Mo,4.0E+3
42,57,Mo,65.924
42,58,Mo,7.01E+18
42,59,Mo,14.61
42,60,Mo,11.3
42,61,Mo,67.5
42,62,Mo,60
42,63,Mo,36.3
42,64,Mo,8.73
42,65,Mo,3.5
42,66,Mo,1.09
42,67,Mo,0.61
42,68,Mo,0.296
42,69,Mo,186
42,70,Mo,120
42,71,Mo,80
42,72,Mo,58
42,73,Mo,45.5
42,74,Mo,32
42,75,Mo,22
42,76,Mo,19
43,42,Tc,100
43,43,Tc,55
43,44,Tc,2.2
43,45,Tc,6.4
43,46,Tc,12.8
43,47,Tc,49.2
43,48,Tc,3.14
43,49,Tc,4.25
43,50,Tc,2.75
43,51,Tc,293
43,52,Tc,20.0
43,53,Tc,4.28
43,54,Tc,4.21E+6
43,55,Tc,4.2E+6
43,56,Tc,2.111E+5
43,57,Tc,15.65
43,58,Tc,14.22
43,59,Tc,5.28
43,60,Tc,54.2
43,61,Tc,18.3
43,62,Tc,7.64
43,63,Tc,35.6
43,64,Tc,21.2
43,65,Tc,5.17
43,66,Tc,0.91
43,67,Tc,0.900
43,68,Tc,290
43,69,Tc,271
43,70,Tc,152
43,71,Tc,100
43,72,Tc,78
43,73,Tc,57
43,74,Tc,44.5
43,75,Tc,30
43,76,Tc,22
43,77,Tc,21
43,78,Tc,22
44,41,Ru,450
44,42,Ru,438
44,44,Ru,1.2
44,45,Ru,1.32
44,46,Ru,11.7
44,47,Ru,8.0
44,48,Ru,3.65
44,49,Ru,59.7
44,50,Ru,51.8
44,51,Ru,1.643
44,53,Ru,2.83
44,59,Ru,39.247
44,61,Ru,4.439
44,62,Ru,371.8
44,63,Ru,3.75
44,64,Ru,4.55
44,65,Ru,34.4
44,66,Ru,12.04
44,67,Ru,2.12
44,68,Ru,1.75
44,69,Ru,0.80
44,70,Ru,0.54
44,71,Ru,318
44,72,Ru,204
44,73,Ru,151
44,74,Ru,99
44,75,Ru,69.5
44,76,Ru,45
44,77,Ru,29
44,78,Ru,25
44,79,Ru,19
44,80,Ru,15
45,44,Rh,120
45,45,Rh,29
45,46,Rh,1.47
45,47,Rh,4.66
45,48,Rh,12.2
45,49,Rh,70.6
45,50,Rh,5.02
45,51,Rh,9.90
45,52,Rh,30.7
45,53,Rh,8.72
45,54,Rh,16.1
45,55,Rh,20.5
45,56,Rh,3.3
45,57,Rh,207.3
45,59,Rh,42.3
45,60,Rh,35.341
45,61,Rh,30.07
45,62,Rh,21.7
45,63,Rh,16.8
45,64,Rh,80.8
45,65,Rh,3.35
45,66,Rh,11
45,67,Rh,3.6
45,68,Rh,2.80
45,69,Rh,1.85
45,70,Rh,0.99
45,71,Rh,0.68
45,72,Rh,0.44
45,73,Rh,286
45,74,Rh,171
45,75,Rh,132
45,76,Rh,151
45,77,Rh,300
45,78,Rh,42.2
45,79,Rh,30
45,80,Rh,26.5
45,81,Rh,19
45,82,Rh,20
46,46,Pd,1.0
46,47,Pd,1.00
46,48,Pd,9.0
46,49,Pd,5
46,50,Pd,122
46,51,Pd,3.10
46,52,Pd,17.7
46,53,Pd,21.4
46,54,Pd,3.63
46,55,Pd,8.47
46,57,Pd,16.991
46,61,Pd,6.5E+6
46,63,Pd,13.59
46,65,Pd,23.4
46,66,Pd,21.04
46,67,Pd,93
46,68,Pd,2.42
46,69,Pd,25
46,70,Pd,11.8
46,71,Pd,4.3
46,72,Pd,1.9
46,73,Pd,0.92
46,74,Pd,492
46,75,Pd,285
46,76,Pd,175
46,77,Pd,109
46,78,Pd,38
46,79,Pd,57
46,80,Pd,48.5
46,81,Pd,38
46,82,Pd,35
46,83,Pd,31
47,46,Ag,228
47,47,Ag,26
47,48,Ag,1.75
47,49,Ag,4.40
47,50,Ag,25.5
47,51,Ag,47.5
47,52,Ag,124
47,53,Ag,2.01
47,54,Ag,11.1
47,55,Ag,12.9
47,56,Ag,65.7
47,57,Ag,69.2
47,58,Ag,41.29
47,59,Ag,23.96
47,61,Ag,2.382
47,63,Ag,24.56
47,64,Ag,7.45
47,65,Ag,3.130
47,66,Ag,5.37
47,67,Ag,4.6
47,68,Ag,20.0
47,69,Ag,230
47,70,Ag,72.8
47,71,Ag,3.76
47,72,Ag,2.1
47,73,Ag,1.23
47,74,Ag,0.78
47,75,Ag,0.529
47,76,Ag,0.299
47,77,Ag,191
47,78,Ag,159
47,79,Ag,52
47,80,Ag,109
47,81,Ag,58
47,82,Ag,46
47,83,Ag,42
47,84,Ag,35
47,85,Ag,28
48,46,Cd,760
48,47,Cd,32
48,48,Cd,1.03
48,49,Cd,2.8
48,50,Cd,9.3
48,51,Cd,16
48,52,Cd,49.1
48,53,Cd,1.36
48,54,Cd,5.5
48,55,Cd,7.3
48,56,Cd,57.7
48,57,Cd,55.5
48,59,Cd,6.50
48,61,Cd,461.9
48,65,Cd,8.04E15
48,67,Cd,53.46
48,68,Cd,3.3E+19
48,69,Cd,2.49
48,70,Cd,50.3
48,71,Cd,2.69
48,72,Cd,50.80
48,73,Cd,13.5
48,74,Cd,5.24
48,75,Cd,2.10
48,76,Cd,1.25
48,77,Cd,0.68
48,78,Cd,0.514
48,79,Cd,0.37
48,80,Cd,0.28
48,81,Cd,154
48,82,Cd,162
48,83,Cd,68
48,84,Cd,84
48,85,Cd,57
48,86,Cd,65
49,48,In,36
49,49,In,30
49,50,In,3.1
49,51,In,5.65
49,52,In,15.1
49,53,In,23.3
49,54,In,65
49,55,In,1.80
49,56,In,5.07
49,57,In,6.2
49,58,In,32.4
49,59,In,58.0
49,60,In,4.159
49,61,In,4.92
49,62,In,2.8047
49,63,In,14.88
49,65,In,71.9
49,66,In,4.41E+14
49,67,In,14.10
49,68,In,43.2
49,69,In,5.0
49,70,In,2.4
49,71,In,3.08
49,72,In,23.1
49,73,In,1.5
49,74,In,6.15
49,75,In,3.12
49,76,In,2.36
49,77,In,1.53
49,78,In,1.09
49,79,In,0.84
49,80,In,611
49,81,In,0.29
49,82,In,0.28
49,83,In,0.200
49,84,In,165
49,85,In,140
49,86,In,101
49,87,In,85
49,88,In,65
50,49,Sn,760
50,50,Sn,1.18
50,51,Sn,1.7
50,52,Sn,3.8
50,53,Sn,7.0
50,54,Sn,20.8
50,55,Sn,32.7
50,56,Sn,115
50,57,Sn,2.90
50,58,Sn,10.30
50,59,Sn,18.1
50,60,Sn,4.154
50,61,Sn,35.3
50,63,Sn,115.09
50,71,Sn,27.03
50,73,Sn,129.2
50,75,Sn,9.64
50,76,Sn,2.18E+5
50,77,Sn,2.10
50,78,Sn,59.07
50,79,Sn,2.23
50,80,Sn,3.72
50,81,Sn,56.0
50,82,Sn,39.7
50,83,Sn,1.46
50,84,Sn,1.050
50,85,Sn,515
50,86,Sn,345
50,87,Sn,190
50,88,Sn,140
50,89,Sn,130
51,52,Sb,49
51,53,Sb,0.44
51,54,Sb,1.22
51,55,Sb,0.6
51,56,Sb,4.0
51,57,Sb,7.4
51,58,Sb,17.2
51,59,Sb,23.6
51,60,Sb,75
51,61,Sb,53.5
51,62,Sb,6.67
51,63,Sb,3.49
51,64,Sb,32.1
51,65,Sb,15.8
51,66,Sb,2.80
51,67,Sb,3.6
51,68,Sb,38.19
51,69,Sb,15.89
51,71,Sb,2.7238
51,73,Sb,60.20
51,74,Sb,2.75856
51,75,Sb,12.35
51,76,Sb,3.85
51,77,Sb,9.05
51,78,Sb,4.366
51,79,Sb,39.5
51,80,Sb,23.03
51,81,Sb,2.79
51,82,Sb,2.34
51,83,Sb,0.78
51,84,Sb,1.679
51,85,Sb,0.923
51,86,Sb,450
51,87,Sb,348
51,88,Sb,93
51,89,Sb,173
51,90,Sb,103
51,91,Sb,53
52,52,Te,18
52,53,Te,0.62
52,54,Te,70
52,55,Te,3.1
52,56,Te,2.1
52,57,Te,4.4
52,58,Te,18.6
52,59,Te,19.3
52,60,Te,2.0
52,61,Te,1.7
52,62,Te,15.2
52,63,Te,5.8
52,64,Te,2.49
52,65,Te,62
52,66,Te,6.00
52,67,Te,16.05
52,69,Te,19.17
52,71,Te,9.2E+16
52,75,Te,9.35
52,76,Te,7.7E+24
52,77,Te,69.6
52,78,Te,0.79E+21
52,79,Te,25.0
52,80,Te,3.204
52,81,Te,12.5
52,82,Te,41.8
52,83,Te,19.0
52,84,Te,17.63
52,85,Te,2.49
52,86,Te,1.4
52,87,Te,1.6
52,88,Te,348
52,89,Te,193
52,91,Te,408
53,55,I,36
53,56,I,92.8
53,57,I,0.664
53,58,I,2.5
53,59,I,3.34
53,60,I,6.6
53,61,I,2.1
53,62,I,1.3
53,63,I,2.91
53,64,I,2.22
53,65,I,13.7
53,66,I,19.1
53,67,I,81.6
53,68,I,2.12
53,69,I,3.63
53,70,I,13.2230
53,71,I,4.1760
53,72,I,59.407
53,73,I,12.93
53,75,I,24.99
53,76,I,1.57E+7
53,77,I,12.36
53,78,I,8.0252
53,79,I,2.295
53,80,I,20.83
53,81,I,52.5
53,82,I,6.58
53,83,I,83.4
53,84,I,24.5
53,85,I,6.26
53,86,I,2.280
53,87,I,0.86
53,88,I,0.418
53,89,I,222
53,90,I,130
53,91,I,300
53,92,I,407
53,93,I,94
54,54,Xe,54
54,55,Xe,13
54,56,Xe,93
54,57,Xe,0.74
54,58,Xe,2.7
54,59,Xe,2.74
54,60,Xe,10.0
54,61,Xe,18
54,62,Xe,59
54,63,Xe,61
54,64,Xe,3.8
54,65,Xe,5.8
54,66,Xe,40
54,67,Xe,40.1
54,68,Xe,20.1
54,69,Xe,2.050
54,70,Xe,1.6E+14
54,71,Xe,16.9
54,73,Xe,36.346
54,79,Xe,5.2475
54,80,Xe,5.8E+22
54,81,Xe,9.14
54,82,Xe,2.165E21
54,83,Xe,3.818
54,84,Xe,14.14
54,85,Xe,39.68
54,86,Xe,13.60
54,87,Xe,1.73
54,88,Xe,1.23
54,89,Xe,0.511
54,90,Xe,1.15
54,91,Xe,188
54,92,Xe,146
54,93,Xe,88
54,94,Xe,0.4
55,57,Cs,0.49
55,58,Cs,17.7
55,59,Cs,0.57
55,60,Cs,1.4
55,61,Cs,0.70
55,62,Cs,8.4
55,63,Cs,14
55,64,Cs,43.0
55,65,Cs,61.3
55,66,Cs,155
55,67,Cs,21.18
55,68,Cs,5.86
55,69,Cs,30.9
55,70,Cs,46.7
55,71,Cs,1.643
55,72,Cs,6.25
55,73,Cs,3.640
55,74,Cs,32.06
55,75,Cs,29.21
55,76,Cs,9.689
55,77,Cs,6.480
55,79,Cs,2.0652
55,80,Cs,2.3E+6
55,81,Cs,13.01
55,82,Cs,30.08
55,83,Cs,32.5
55,84,Cs,9.27
55,85,Cs,63.7
55,86,Cs,24.84
55,87,Cs,1.684
55,88,Cs,1.791
55,89,Cs,0.994
55,90,Cs,0.587
55,91,Cs,0.3220
55,92,Cs,0.2295
55,93,Cs,146
55,94,Cs,107
55,95,Cs,84
55,96,Cs,69
55,97,Cs,50
56,58,Ba,0.43
56,59,Ba,0.45
56,60,Ba,1.3
56,61,Ba,1.75
56,62,Ba,5.5
56,63,Ba,5.4
56,64,Ba,24
56,65,Ba,29.7
56,66,Ba,1.95
56,67,Ba,2.4
56,68,Ba,11.0
56,69,Ba,3.3
56,70,Ba,100
56,71,Ba,12.7
56,72,Ba,2.43
56,73,Ba,2.23
56,75,Ba,11.50
56,76,Ba,3.0E+21
56,77,Ba,10.551
56,83,Ba,82.93
56,84,Ba,12.751
56,85,Ba,18.27
56,86,Ba,10.6
56,87,Ba,14.5
56,88,Ba,11.5
56,89,Ba,4.31
56,90,Ba,2.21
56,91,Ba,0.894
56,92,Ba,0.612
56,93,Ba,352
56,94,Ba,0.259
56,95,Ba,0.167
56,96,Ba,0.139
56,97,Ba,0.116
56,98,Ba,53
57,60,La,23.5
57,63,La,2.8
57,64,La,5.3
57,65,La,8.6
57,66,La,16.3
57,67,La,21
57,68,La,64.8
57,69,La,54
57,70,La,5.1
57,71,La,5.18
57,72,La,11.6
57,73,La,8.7
57,74,La,59
57,75,La,4.8
57,76,La,3.912
57,77,La,6.45
57,78,La,19.5
57,79,La,9.87
57,80,La,6E+4
57,81,La,1.03E+11
57,83,La,1.67858
57,84,La,3.92
57,85,La,91.1
57,86,La,14.2
57,87,La,40.8
57,88,La,24.8
57,89,La,6.1
57,90,La,4.06
57,91,La,1.26
57,92,La,1.091
57,93,La,0.59
57,94,La,0.457
57,95,La,0.298
57,96,La,0.245
57,97,La,0.161
57,98,La,101
57,99,La,84
58,63,Ce,1.1
58,65,Ce,3.8
58,66,Ce,6
58,67,Ce,9.7
58,68,Ce,51.0
58,69,Ce,34
58,70,Ce,3.93
58,71,Ce,3.5
58,72,Ce,22.9
58,73,Ce,10.3
58,74,Ce,3.51
58,75,Ce,97
58,76,Ce,3.16
58,77,Ce,17.7
58,79,Ce,9.0
58,80,Ce,4.4E+16
58,81,Ce,137.63
58,83,Ce,32.504
58,84,Ce,5E+16
58,85,Ce,33.039
58,86,Ce,284.91
58,87,Ce,3.01
58,88,Ce,13.49
58,89,Ce,56.4
58,90,Ce,56.8
58,91,Ce,5.12
58,92,Ce,4.0
58,93,Ce,1.76
58,94,Ce,1.4
58,95,Ce,0.865
58,96,Ce,0.722
58,97,Ce,313
58,98,Ce,0.233
58,99,Ce,0.18
58,100,Ce,99
59,62,Pr,10
59,65,Pr,1.2
59,66,Pr,3.3
59,67,Pr,3.14
59,68,Pr,4.2
59,69,Pr,2.84
59,70,Pr,30
59,71,Pr,40.0
59,72,Pr,1.51
59,73,Pr,1.6
59,74,Pr,6.5
59,75,Pr,17
59,76,Pr,24
59,77,Pr,13.1
59,78,Pr,1.28
59,79,Pr,1.45
59,80,Pr,4.41
59,81,Pr,3.39
59,83,Pr,19.12
59,84,Pr,13.57
59,85,Pr,17.28
59,86,Pr,5.984
59,87,Pr,24.09
59,88,Pr,13.44
59,89,Pr,2.29
59,90,Pr,2.26
59,91,Pr,6.19
59,92,Pr,18.90
59,93,Pr,3.57
59,94,Pr,4.29
59,95,Pr,2.3
59,96,Pr,1.47
59,97,Pr,0.444
59,98,Pr,0.295
59,99,Pr,0.181
59,100,Pr,0.13
59,101,Pr,0.17
60,65,Nd,0.65
60,67,Nd,1.8
60,68,Nd,5
60,69,Nd,6.7
60,70,Nd,13
60,71,Nd,25.4
60,72,Nd,94
60,73,Nd,70
60,74,Nd,8.5
60,75,Nd,12.4
60,76,Nd,50.65
60,77,Nd,38.5
60,78,Nd,5.04
60,79,Nd,29.7
60,80,Nd,3.37
60,81,Nd,2.49
60,84,Nd,2.29E+15
60,87,Nd,11.03
60,89,Nd,1.726
60,90,Nd,0.91E19
60,91,Nd,12.44
60,92,Nd,11.4
60,93,Nd,31.6
60,94,Nd,25.9
60,95,Nd,8.9
60,96,Nd,5.26
60,97,Nd,1.15
60,98,Nd,0.820
60,99,Nd,0.485
60,100,Nd,439
60,101,Nd,0.22
60,102,Nd,0.31
61,67,Pm,1.0
61,68,Pm,2.4
61,69,Pm,2.6
61,70,Pm,6.3
61,71,Pm,6.2
61,72,Pm,13.5
61,73,Pm,5
61,74,Pm,49
61,75,Pm,300
61,76,Pm,2.4
61,77,Pm,10
61,78,Pm,4.15
61,79,Pm,9.2
61,80,Pm,20.90
61,81,Pm,40.5
61,82,Pm,265
61,83,Pm,363
61,84,Pm,17.7
61,85,Pm,5.53
61,86,Pm,2.6234
61,87,Pm,5.368
61,88,Pm,53.08
61,89,Pm,2.698
61,90,Pm,28.40
61,91,Pm,4.12
61,92,Pm,5.25
61,93,Pm,2.68
61,94,Pm,41.5
61,95,Pm,26.70
61,96,Pm,10.56
61,97,Pm,4.8
61,98,Pm,1.5
61,99,Pm,725
61,100,Pm,1.05
61,101,Pm,0.63
61,102,Pm,0.43
62,67,Sm,0.55
62,69,Sm,1.2
62,70,Sm,4.0
62,71,Sm,2.89
62,72,Sm,9.5
62,73,Sm,10.3
62,74,Sm,47
62,75,Sm,45
62,76,Sm,3.1
62,77,Sm,2.57
62,78,Sm,14.82
62,79,Sm,10.2
62,80,Sm,72.49
62,81,Sm,8.75
62,83,Sm,340
62,84,Sm,6.8E+7
62,85,Sm,1.073E11
62,86,Sm,7E+15
62,89,Sm,90
62,91,Sm,46.284
62,93,Sm,22.18
62,94,Sm,9.4
62,95,Sm,8.03
62,96,Sm,5.30
62,97,Sm,11.37
62,98,Sm,9.6
62,99,Sm,4.8
62,100,Sm,2.4
62,101,Sm,1.23
62,102,Sm,1.43
62,103,Sm,0.98
62,104,Sm,0.80
63,67,Eu,0.90
63,68,Eu,17.8
63,71,Eu,0.5
63,72,Eu,1.5
63,73,Eu,3.3
63,74,Eu,11
63,75,Eu,12.1
63,76,Eu,17.9
63,77,Eu,1.51
63,78,Eu,40.7
63,79,Eu,2.34
63,80,Eu,2.59
63,81,Eu,10.2
63,82,Eu,5.93
63,83,Eu,4.61
63,84,Eu,24.1
63,85,Eu,54.5
63,86,Eu,93.1
63,87,Eu,36.9
63,88,Eu,1.7E+18
63,89,Eu,13.517
63,91,Eu,8.601
63,92,Eu,4.753
63,93,Eu,15.19
63,94,Eu,15.18
63,95,Eu,45.9
63,96,Eu,18.1
63,97,Eu,42.6
63,98,Eu,26
63,99,Eu,10.6
63,100,Eu,7.7
63,101,Eu,4.15
63,102,Eu,2.3
63,103,Eu,1.7
63,104,Eu,1.3
63,105,Eu,0.20
64,71,Gd,1.1
64,72,Gd,200
64,73,Gd,2.2
64,74,Gd,4.7
64,75,Gd,5.8
64,76,Gd,15.8
64,77,Gd,14
64,78,Gd,70.2
64,79,Gd,39
64,80,Gd,4.47
64,81,Gd,23.0
64,82,Gd,48.27
64,83,Gd,38.06
64,84,Gd,71.1
64,85,Gd,9.28
64,86,Gd,1.79E+6
64,87,Gd,123.9
64,88,Gd,1.08E14
64,89,Gd,240.4
64,95,Gd,18.479
64,97,Gd,3.66
64,98,Gd,8.4
64,99,Gd,68
64,100,Gd,45
64,101,Gd,10.3
64,102,Gd,4.8
64,103,Gd,4.26
64,104,Gd,3.03
64,105,Gd,0.75
64,106,Gd,0.41
65,70,Tb,0.94
65,73,Tb,200
65,74,Tb,1.6
65,75,Tb,2.29
65,76,Tb,3.5
65,77,Tb,597
65,78,Tb,12
65,79,Tb,1
65,81,Tb,8
65,82,Tb,1.64
65,83,Tb,60
65,84,Tb,4.12
65,85,Tb,3.48
65,86,Tb,17.609
65,87,Tb,17.5
65,88,Tb,2.34
65,89,Tb,21.5
65,90,Tb,5.32
65,91,Tb,5.35
65,92,Tb,71
65,93,Tb,180
65,95,Tb,72.3
65,96,Tb,6.89
65,97,Tb,7.60
65,98,Tb,19.5
65,99,Tb,3.0
65,100,Tb,2.11
65,101,Tb,25.1
65,102,Tb,19.4
65,103,Tb,8.2
65,104,Tb,5.1
65,105,Tb,0.96
65,106,Tb,1.24
65,107,Tb,0.76
66,73,Dy,0.6
66,75,Dy,0.9
66,76,Dy,2.3
66,77,Dy,5.6
66,78,Dy,9.1
66,79,Dy,6
66,80,Dy,33.2
66,81,Dy,67
66,82,Dy,3.3
66,83,Dy,4.2
66,84,Dy,7.17
66,85,Dy,17.9
66,86,Dy,2.38
66,87,Dy,6.4
66,88,Dy,3.0E+6
66,89,Dy,9.9
66,91,Dy,8.14
66,93,Dy,144.4
66,99,Dy,2.332
66,100,Dy,81.6
66,101,Dy,6.20
66,102,Dy,8.7
66,103,Dy,39
66,104,Dy,55
66,105,Dy,4.1
66,106,Dy,160
66,107,Dy,1.43
66,108,Dy,160
67,73,Ho,6
67,74,Ho,4.1
67,75,Ho,0.4
67,77,Ho,0.7
67,78,Ho,2.4
67,79,Ho,3.32
67,80,Ho,5.8
67,81,Ho,2.2
67,82,Ho,21.0
67,83,Ho,72
67,84,Ho,35.2
67,85,Ho,161.8
67,86,Ho,2.01
67,87,Ho,11.76
67,88,Ho,48
67,89,Ho,56
67,90,Ho,12.6
67,91,Ho,11.3
67,92,Ho,33.05
67,93,Ho,25.6
67,94,Ho,2.48
67,95,Ho,15.0
67,96,Ho,4570
67,97,Ho,28.8
67,99,Ho,26.824
67,100,Ho,3.1
67,101,Ho,2.99
67,102,Ho,4.72
67,103,Ho,2.76
67,104,Ho,53
67,105,Ho,25
67,106,Ho,6.9
67,107,Ho,3.2
67,108,Ho,1.9
67,109,Ho,160
68,76,Er,200
68,78,Er,1.7
68,79,Er,3.2
68,80,Er,4.6
68,81,Er,4
68,82,Er,18.5
68,83,Er,23.5
68,84,Er,10.3
68,85,Er,37.1
68,86,Er,3.73
68,87,Er,5.3
68,88,Er,19.5
68,89,Er,18.65
68,90,Er,2.29
68,91,Er,36
68,92,Er,28.58
68,93,Er,3.21
68,95,Er,75.0
68,97,Er,10.36
68,101,Er,9.392
68,103,Er,7.516
68,104,Er,49.3
68,105,Er,1.4
68,106,Er,3.2
68,107,Er,1.2
68,108,Er,160
68,110,Er,160
69,75,Tm,1.9
69,76,Tm,3.17
69,77,Tm,68
69,78,Tm,0.58
69,79,Tm,0.7
69,80,Tm,0.9
69,81,Tm,2.20
69,82,Tm,4.17
69,83,Tm,8.0
69,84,Tm,1.48
69,85,Tm,8.1
69,86,Tm,21.6
69,87,Tm,83.8
69,88,Tm,3.63
69,89,Tm,3.98
69,90,Tm,9.13
69,91,Tm,9.4
69,92,Tm,30.2
69,93,Tm,21.70
69,94,Tm,1.810
69,95,Tm,1.95
69,96,Tm,30.06
69,97,Tm,7.70
69,98,Tm,9.25
69,99,Tm,93.1
69,101,Tm,128.6
69,102,Tm,1.92
69,103,Tm,63.6
69,104,Tm,8.24
69,105,Tm,5.4
69,106,Tm,15.2
69,107,Tm,1.85
69,108,Tm,95
69,109,Tm,300
69,110,Tm,160
69,111,Tm,300
69,112,Tm,160
70,79,Yb,0.7
70,80,Yb,200
70,81,Yb,1.6
70,82,Yb,3.03
70,83,Yb,4.2
70,84,Yb,0.409
70,85,Yb,1.793
70,86,Yb,26.1
70,87,Yb,38.6
70,88,Yb,1.49
70,89,Yb,1.67
70,90,Yb,4.8
70,91,Yb,4.2
70,92,Yb,18.87
70,93,Yb,11.05
70,94,Yb,75.8
70,95,Yb,9.9
70,96,Yb,56.7
70,97,Yb,17.5
70,99,Yb,32.018
70,105,Yb,4.185
70,107,Yb,1.911
70,108,Yb,74
70,109,Yb,8.0
70,110,Yb,2.4
70,111,Yb,160
70,112,Yb,160
70,113,Yb,222
70,114,Yb,160
70,115,Yb,160
71,78,Lu,0.45
71,79,Lu,45
71,80,Lu,80.6
71,81,Lu,0.7
71,82,Lu,0.9
71,84,Lu,68
71,85,Lu,494
71,86,Lu,6.8
71,87,Lu,10.6
71,88,Lu,12.1
71,89,Lu,36.1
71,90,Lu,77
71,91,Lu,1.37
71,92,Lu,3.97
71,93,Lu,3.14
71,94,Lu,10.74
71,95,Lu,2.65
71,96,Lu,51.5
71,97,Lu,5.5
71,98,Lu,34.06
71,99,Lu,2.012
71,100,Lu,8.247
71,101,Lu,6.70
71,102,Lu,1.37
71,103,Lu,3.31
71,105,Lu,3.76E+10
71,106,Lu,6.6443
71,107,Lu,28.4
71,108,Lu,4.59
71,109,Lu,5.7
71,110,Lu,3.5
71,111,Lu,2.0
71,112,Lu,58
71,113,Lu,19
71,114,Lu,160
72,82,Hf,2
72,83,Hf,843
72,84,Hf,23
72,85,Hf,115
72,86,Hf,2.85
72,87,Hf,5.6
72,88,Hf,13.6
72,89,Hf,18.4
72,90,Hf,39.4
72,91,Hf,40.0
72,92,Hf,111
72,93,Hf,76
72,94,Hf,6.77
72,95,Hf,2.05
72,96,Hf,25.95
72,97,Hf,3.24
72,98,Hf,16.01
72,99,Hf,12.1
72,100,Hf,1.87
72,101,Hf,23.6
72,102,Hf,2.0E+15
72,103,Hf,70
72,109,Hf,42.39
72,110,Hf,8.90E+6
72,111,Hf,1.018
72,112,Hf,4.12
72,113,Hf,3.5
72,114,Hf,2.6
73,82,Ta,2.9
73,83,Ta,106
73,84,Ta,10.1
73,85,Ta,55
73,86,Ta,0.83
73,87,Ta,1.55
73,89,Ta,3.57
73,90,Ta,10.6
73,91,Ta,14.2
73,92,Ta,31.0
73,93,Ta,34.4
73,94,Ta,80
73,95,Ta,2.0
73,96,Ta,4.9
73,97,Ta,6.76
73,98,Ta,23.3
73,99,Ta,36.8
73,100,Ta,3.14
73,101,Ta,1.14
73,102,Ta,10.5
73,103,Ta,8.09
73,104,Ta,56.36
73,105,Ta,2.36
73,106,Ta,1.82
73,107,Ta,8.154
73,109,Ta,114.74
73,110,Ta,5.1
73,111,Ta,8.7
73,112,Ta,49.4
73,113,Ta,10.39
73,114,Ta,283
73,115,Ta,19.6
73,117,Ta,5.3
73,118,Ta,300
73,119,Ta,2.2
74,83,W,275
74,84,W,1.25
74,85,W,7.3
74,86,W,91
74,87,W,409
74,88,W,1.19
74,89,W,2.67
74,90,W,6.3
74,91,W,5.1
74,92,W,19.2
74,93,W,19.9
74,94,W,50.9
74,95,W,74
74,96,W,2.42
74,97,W,2.38
74,98,W,6.6
74,99,W,7.6
74,100,W,33.2
74,101,W,35.2
74,102,W,2.5
74,103,W,132.4
74,104,W,21.6
74,105,W,37.05
74,106,W,1.8E18
74,107,W,121.2
74,109,W,6.7E+20
74,111,W,75.1
74,113,W,23.80
74,114,W,69.78
74,115,W,11.6
74,116,W,30.0
74,121,W,160
74,122,W,160
74,123,W,160
75,85,Re,612
75,86,Re,0.44
75,87,Re,107
75,88,Re,390
75,89,Re,0.70
75,90,Re,1.6
75,91,Re,2.25
75,92,Re,5.9
75,93,Re,4.4
75,94,Re,8.1
75,95,Re,9.2
75,96,Re,15.2
75,97,Re,15
75,98,Re,1.98
75,99,Re,2.40
75,100,Re,5.89
75,101,Re,5.3
75,102,Re,14
75,103,Re,13.2
75,104,Re,19.5
75,105,Re,2.46
75,106,Re,19.9
75,107,Re,64.2
75,108,Re,70.0
75,109,Re,35.4
75,111,Re,3.7185
75,112,Re,4.33E+10
75,113,Re,17.005
75,114,Re,24.3
75,115,Re,3.0
75,116,Re,9.8
75,117,Re,16
75,119,Re,5
75,120,Re,6
75,121,Re,3
75,122,Re,160
75,123,Re,160
75,124,Re,160
76,85,Os,0.64
76,86,Os,2.1
76,87,Os,5.5
76,88,Os,21
76,89,Os,71
76,90,Os,213
76,91,Os,0.81
76,92,Os,2.1
76,93,Os,3.43
76,94,Os,7.37
76,95,Os,8.3
76,96,Os,19.2
76,97,Os,22.4
76,98,Os,44
76,99,Os,1.4
76,100,Os,3.6
76,101,Os,3.0
76,102,Os,5.0
76,103,Os,6.5
76,104,Os,21.5
76,105,Os,105
76,106,Os,21.84
76,107,Os,13.0
76,108,Os,5.6E13
76,109,Os,93.6
76,110,Os,2.0E+15
76,115,Os,15.4
76,117,Os,29.830
76,118,Os,6.0
76,119,Os,6.5
76,120,Os,34.9
76,121,Os,2.8
76,123,Os,5
76,124,Os,6
76,126,Os,160
77,88,Ir,1
77,89,Ir,10.5
77,90,Ir,35.2
77,91,Ir,222
77,92,Ir,0.353
77,93,Ir,0.87
77,94,Ir,3.2
77,95,Ir,4.4
77,96,Ir,9.0
77,97,Ir,7.9
77,98,Ir,9
77,99,Ir,8.7
77,100,Ir,29.8
77,101,Ir,12
77,102,Ir,79
77,103,Ir,1.5
77,104,Ir,4.90
77,105,Ir,15.0
77,106,Ir,58
77,107,Ir,3.09
77,108,Ir,14.4
77,109,Ir,16.64
77,110,Ir,10.5
77,111,Ir,41.5
77,112,Ir,13.2
77,113,Ir,11.78
77,115,Ir,73.829
77,117,Ir,19.18
77,118,Ir,2.29
77,119,Ir,52
77,120,Ir,5.8
77,121,Ir,8
77,122,Ir,6
77,123,Ir,300
77,124,Ir,21
77,125,Ir,11
77,127,Ir,160
78,87,Pt,0.26
78,88,Pt,300
78,89,Pt,0.7
78,90,Pt,2.02
78,91,Pt,7.0
78,92,Pt,13.8
78,93,Pt,45.5
78,94,Pt,97.6
78,95,Pt,382
78,96,Pt,0.889
78,97,Pt,2.53
78,98,Pt,6.33
78,99,Pt,10.0
78,100,Pt,20.7
78,101,Pt,21.2
78,102,Pt,56
78,103,Pt,52.0
78,104,Pt,2.67
78,105,Pt,6.5
78,106,Pt,17.3
78,107,Pt,70.9
78,108,Pt,2.10
78,109,Pt,2.35
78,110,Pt,10.16
78,111,Pt,10.87
78,112,Pt,4.97E11
78,113,Pt,2.83
78,115,Pt,50
78,119,Pt,19.8915
78,121,Pt,30.80
78,122,Pt,12.6
78,123,Pt,2.46
78,124,Pt,44
78,125,Pt,22
78,126,Pt,10.3
78,128,Pt,160
79,91,Au,0.29
79,92,Au,22
79,93,Au,22
79,94,Au,26.3
79,95,Au,120
79,98,Au,1.501
79,99,Au,2.6
79,100,Au,7.1
79,101,Au,8.4
79,102,Au,13.7
79,103,Au,15.5
79,104,Au,42.8
79,105,Au,20.6
79,106,Au,4.25
79,107,Au,10.7
79,108,Au,8.3
79,109,Au,8.84
79,110,Au,28.7
79,111,Au,42.8
79,112,Au,3.18
79,113,Au,4.94
79,114,Au,17.65
79,115,Au,38.02
79,116,Au,186.01
79,117,Au,6.1669
79,119,Au,2.6941
79,120,Au,3.139
79,121,Au,48.4
79,122,Au,26.0
79,123,Au,28.4
79,124,Au,60
79,125,Au,39.8
79,126,Au,32.0
79,127,Au,40
79,128,Au,300
79,130,Au,300
79,131,Au,300
80,90,Hg,0.08
80,91,Hg,59
80,92,Hg,231
80,93,Hg,0.80
80,94,Hg,2.1
80,95,Hg,10.6
80,96,Hg,20.3
80,97,Hg,117
80,98,Hg,266.5
80,99,Hg,1.05
80,100,Hg,2.59
80,101,Hg,3.6
80,102,Hg,10.83
80,103,Hg,9.4
80,104,Hg,30.87
80,105,Hg,49.1
80,106,Hg,1.38
80,107,Hg,1.9
80,108,Hg,3.25
80,109,Hg,7.6
80,110,Hg,20.0
80,111,Hg,49
80,112,Hg,4.85
80,113,Hg,3.80
80,114,Hg,447
80,115,Hg,10.53
80,117,Hg,64.14
80,123,Hg,46.610
80,125,Hg,5.14
80,126,Hg,8.32
80,127,Hg,2.9
80,128,Hg,41
80,129,Hg,36
80,131,Hg,300
80,136,Hg,300
81,95,Tl,5.2
81,96,Tl,18
81,97,Tl,254
81,98,Tl,0.23
81,99,Tl,1.09
81,100,Tl,3.2
81,101,Tl,3.1
81,102,Tl,6.9
81,103,Tl,10.1
81,104,Tl,19.5
81,105,Tl,3.4
81,106,Tl,51
81,107,Tl,71
81,108,Tl,2.3
81,109,Tl,2.6
81,111,Tl,9.6
81,112,Tl,21.6
81,113,Tl,33.0
81,114,Tl,1.16
81,115,Tl,1.84
81,116,Tl,2.84
81,117,Tl,5.3
81,118,Tl,7.42
81,119,Tl,26.1
81,120,Tl,3.0420
81,121,Tl,12.31
81,123,Tl,3.783
81,125,Tl,4.202
81,126,Tl,4.77
81,127,Tl,3.053
81,128,Tl,2.162
81,129,Tl,1.30
81,130,Tl,88
81,131,Tl,30.9
81,132,Tl,23.8
81,133,Tl,11.0
81,134,Tl,9.7
81,135,Tl,300
82,96,Pb,0.12
82,97,Pb,3.5
82,98,Pb,4.1
82,99,Pb,45
82,100,Pb,55
82,101,Pb,535
82,102,Pb,490
82,103,Pb,6.3
82,104,Pb,4.81
82,105,Pb,15.2
82,106,Pb,25.5
82,107,Pb,39
82,108,Pb,71
82,109,Pb,1.33
82,110,Pb,3.5
82,112,Pb,10.7
82,113,Pb,15
82,114,Pb,37
82,115,Pb,8.1
82,116,Pb,2.4
82,117,Pb,90
82,118,Pb,21.5
82,119,Pb,9.33
82,120,Pb,52.5E+3
82,121,Pb,51.92
82,122,Pb,1.4E+17
82,123,Pb,1.70E+7
82,127,Pb,3.234
82,128,Pb,22.20
82,129,Pb,36.1
82,130,Pb,10.622
82,131,Pb,10.2
82,132,Pb,27.06
82,133,Pb,147
82,134,Pb,300
82,135,Pb,19.9
82,136,Pb,15
82,138,Pb,300
83,101,Bi,13
83,102,Bi,58
83,103,Bi,14.8
83,104,Bi,37
83,105,Bi,60
83,106,Bi,688
83,107,Bi,6.3
83,108,Bi,12.4
83,109,Bi,34.6
83,110,Bi,63.6
83,111,Bi,95
83,112,Bi,183
83,113,Bi,308
83,114,Bi,9.33
83,115,Bi,10.3
83,116,Bi,27
83,117,Bi,36.4
83,118,Bi,103
83,119,Bi,1.71
83,120,Bi,11.76
83,121,Bi,11.22
83,122,Bi,14.91
83,123,Bi,6.243
83,124,Bi,31.55
83,125,Bi,3.68E+5
83,126,Bi,2.01E19
83,127,Bi,5.012
83,128,Bi,2.14
83,129,Bi,60.55
83,130,Bi,45.59
83,131,Bi,19.71
83,132,Bi,7.6
83,133,Bi,2.25
83,134,Bi,98.5
83,135,Bi,33
83,136,Bi,22
83,137,Bi,300
83,138,Bi,300
83,139,Bi,300
83,140,Bi,300
84,102,Po,28
84,103,Po,1.40
84,104,Po,0.27
84,105,Po,3.5
84,106,Po,2.45
84,107,Po,22
84,108,Po,32.2
84,109,Po,399
84,110,Po,0.392
84,111,Po,4.64
84,112,Po,5.8
84,113,Po,84
84,114,Po,1.760
84,115,Po,5.47
84,116,Po,11.51
84,117,Po,15.50
84,118,Po,44.6
84,119,Po,36.7
84,120,Po,3.519
84,121,Po,1.74
84,122,Po,8.8
84,123,Po,5.80
84,124,Po,2.898
84,125,Po,124
84,126,Po,138.376
84,127,Po,0.516
84,128,Po,294.3
84,129,Po,3.706
84,130,Po,163.46
84,131,Po,1.781
84,132,Po,0.145
84,133,Po,1.53
84,134,Po,3.097
84,135,Po,620
84,136,Po,300
84,137,Po,112
84,138,Po,550
84,139,Po,300
84,141,Po,300
84,142,Po,300
84,143,Po,300
85,106,At,1.7
85,107,At,88
85,108,At,28
85,109,At,286
85,110,At,290
85,111,At,0.388
85,112,At,0.388
85,113,At,4.2
85,114,At,7.03
85,115,At,43
85,116,At,87.6
85,117,At,184
85,118,At,7.4
85,119,At,9.12
85,120,At,26.9
85,121,At,30.6
85,122,At,1.81
85,123,At,1.63
85,124,At,5.42
85,125,At,8.1
85,126,At,7.214
85,127,At,0.314
85,128,At,125
85,129,At,558
85,130,At,0.10
85,131,At,0.30
85,132,At,32.6
85,133,At,1.28
85,134,At,56
85,135,At,3.71
85,136,At,2.3
85,137,At,54
85,138,At,50
85,139,At,1.3
85,140,At,300
85,141,At,300
85,142,At,300
85,143,At,300
85,144,At,300
86,107,Rn,1.15
86,108,Rn,0.78
86,109,Rn,6
86,110,Rn,4.4
86,111,Rn,65
86,112,Rn,65
86,113,Rn,0.59
86,114,Rn,1.03
86,115,Rn,7.0
86,116,Rn,9.7
86,117,Rn,44.2
86,118,Rn,74.5
86,119,Rn,170
86,120,Rn,5.67
86,121,Rn,9.25
86,122,Rn,24.35
86,123,Rn,28.8
86,124,Rn,2.4
86,125,Rn,14.6
86,126,Rn,23.9
86,127,Rn,19.4
86,128,Rn,259
86,129,Rn,2.30
86,130,Rn,45
86,131,Rn,0.54
86,132,Rn,33.75
86,133,Rn,3.96
86,134,Rn,55.6
86,135,Rn,25
86,136,Rn,3.8235
86,137,Rn,24.3
86,138,Rn,107
86,139,Rn,4.66
86,140,Rn,7.4
86,141,Rn,20.2
86,142,Rn,65
86,143,Rn,12.0
87,110,Fr,0.6
87,111,Fr,15
87,112,Fr,12
87,113,Fr,49
87,114,Fr,63
87,115,Fr,0.30
87,116,Fr,0.55
87,117,Fr,1.8
87,118,Fr,3.90
87,119,Fr,16
87,120,Fr,14.8
87,121,Fr,59.1
87,122,Fr,50.5
87,123,Fr,3.18
87,124,Fr,3.10
87,125,Fr,20.0
87,126,Fr,34.17
87,127,Fr,5.5
87,128,Fr,86
87,129,Fr,0.70
87,130,Fr,22
87,131,Fr,1.1
87,132,Fr,24
87,133,Fr,27.4
87,134,Fr,4.9
87,135,Fr,14.2
87,136,Fr,22.00
87,137,Fr,3.33
87,138,Fr,3.95
87,139,Fr,49
87,140,Fr,2.47
87,141,Fr,38
87,142,Fr,50.2
87,143,Fr,19.1
87,144,Fr,17.6
87,145,Fr,5.5
87,146,Fr,0.9
88,113,Ra,8
88,114,Ra,16
88,115,Ra,31
88,116,Ra,57
88,117,Ra,210
88,118,Ra,0.24
88,119,Ra,1.35
88,120,Ra,1.3
88,121,Ra,4.8
88,122,Ra,3.7
88,123,Ra,13
88,124,Ra,13.0
88,125,Ra,2.73
88,126,Ra,2.438
88,127,Ra,1.66
88,128,Ra,182
88,129,Ra,1.6
88,130,Ra,25.91
88,131,Ra,9
88,132,Ra,18
88,133,Ra,28
88,134,Ra,38.0
88,135,Ra,11.43
88,136,Ra,3.6316
88,137,Ra,14.9
88,138,Ra,1600
88,139,Ra,42.2
88,140,Ra,5.75
88,141,Ra,4.0
88,142,Ra,93
88,143,Ra,103.9
88,144,Ra,4.2
88,145,Ra,30
88,146,Ra,30
89,116,Ac,20
89,117,Ac,22
89,118,Ac,27
89,119,Ac,95
89,120,Ac,0.087
89,121,Ac,0.35
89,122,Ac,0.21
89,123,Ac,880
89,124,Ac,738
89,125,Ac,8.2
89,126,Ac,0.17
89,127,Ac,440
89,128,Ac,69
89,129,Ac,1.03
89,130,Ac,11.8
89,131,Ac,26.4
89,132,Ac,52
89,133,Ac,5.0
89,134,Ac,2.10
89,135,Ac,2.78
89,136,Ac,9.920
89,137,Ac,29.37
89,138,Ac,21.772
89,139,Ac,6.15
89,140,Ac,62.7
89,141,Ac,122
89,142,Ac,7.5
89,143,Ac,119
89,144,Ac,143
89,145,Ac,44
89,146,Ac,62
89,147,Ac,1.2
90,117,Th,10
90,118,Th,1.7
90,119,Th,2.5
90,120,Th,16
90,121,Th,37
90,122,Th,31.7
90,123,Th,146
90,124,Th,87
90,125,Th,1.2
90,126,Th,26.0
90,127,Th,0.252
90,128,Th,122
90,129,Th,1.025
90,130,Th,9.7
90,131,Th,1.74
90,132,Th,2.24
90,133,Th,0.60
90,134,Th,1.04
90,135,Th,8.75
90,136,Th,30.57
90,137,Th,18.697
90,138,Th,1.9116
90,139,Th,7880
90,140,Th,7.54E+4
90,141,Th,25.57
90,142,Th,1.40E10
90,143,Th,21.83
90,144,Th,24.10
90,145,Th,7.2
90,146,Th,37.5
90,147,Th,4.8
90,148,Th,9.4
91,120,Pa,300
91,121,Pa,5.1
91,122,Pa,5.3
91,123,Pa,17
91,124,Pa,14
91,125,Pa,0.15
91,126,Pa,3.8
91,127,Pa,109
91,128,Pa,54
91,129,Pa,0.78
91,130,Pa,5.9
91,131,Pa,2.9
91,132,Pa,5.1
91,133,Pa,0.846
91,134,Pa,1.7
91,135,Pa,1.8
91,136,Pa,38.3
91,137,Pa,22
91,138,Pa,1.50
91,139,Pa,17.4
91,140,Pa,32570
91,141,Pa,1.32
91,142,Pa,26.975
91,143,Pa,6.70
91,144,Pa,24.4
91,145,Pa,9.1
91,146,Pa,8.7
91,147,Pa,2.28
91,148,Pa,1.8
92,122,U,0.52
92,123,U,0.7
92,124,U,4.5
92,125,U,16
92,126,U,0.65
92,127,U,60
92,129,U,0.66
92,130,U,4.7
92,131,U,18
92,132,U,396
92,133,U,69
92,134,U,268
92,135,U,1.1
92,136,U,9.1
92,137,U,58
92,138,U,20.23
92,139,U,4.2
92,140,U,68.9
92,141,U,1.5919E5
92,142,U,2.455E+5
92,143,U,7.04E+8
92,144,U,2.342E7
92,145,U,6.752
92,146,U,4.468E9
92,147,U,23.45
92,148,U,14.1
92,150,U,16.8
93,126,Np,0.15
93,127,Np,25
93,129,Np,0.38
93,130,Np,2.2
93,131,Np,38
93,132,Np,3.6
93,133,Np,35
93,134,Np,0.51
93,135,Np,61.4
93,136,Np,4.0
93,137,Np,4.6
93,138,Np,48.8
93,139,Np,14.7
93,140,Np,36.2
93,141,Np,4.4
93,142,Np,396.1
93,143,Np,1.55E+5
93,144,Np,2.144E+6
93,145,Np,2.099
93,146,Np,2.356
93,147,Np,61.9
93,148,Np,13.9
93,149,Np,2.2
93,150,Np,1.85
93,151,Np,2.29
94,134,Pu,1.1
94,135,Pu,90
94,136,Pu,102
94,137,Pu,8.6
94,138,Pu,33.8
94,139,Pu,20.9
94,140,Pu,8.8
94,141,Pu,25.3
94,142,Pu,2.858
94,143,Pu,45.64
94,144,Pu,87.7
94,145,Pu,24110
94,146,Pu,6561
94,147,Pu,14.329
94,148,Pu,3.73E+5
94,149,Pu,4.956
94,150,Pu,8.13E+7
94,151,Pu,10.5
94,152,Pu,10.84
94,153,Pu,2.27
95,128,Am,5
95,134,Am,0.9
95,135,Am,31
95,137,Am,79
95,138,Am,3.2
95,139,Am,2.32
95,140,Am,10.3
95,141,Am,3.6
95,142,Am,73.6
95,143,Am,98
95,144,Am,11.9
95,145,Am,50.8
95,146,Am,432.6
95,147,Am,16.01
95,148,Am,7364
95,149,Am,10.1
95,150,Am,2.05
95,151,Am,39
95,152,Am,23.0
96,137,Cm,23
96,138,Cm,51
96,140,Cm,6.8
96,142,Cm,2.2
96,143,Cm,2.7
96,144,Cm,27
96,145,Cm,32.8
96,146,Cm,162.88
96,147,Cm,29.1
96,148,Cm,18.11
96,149,Cm,8423
96,150,Cm,4706
96,151,Cm,1.56E+7
96,152,Cm,3.48E+5
96,153,Cm,64.15
96,154,Cm,8.3E+3
96,155,Cm,16.8
97,136,Bk,21
97,137,Bk,1.4E2
97,139,Bk,22
97,141,Bk,144
97,143,Bk,4.8
97,144,Bk,4.6
97,145,Bk,7.0
97,146,Bk,4.6
97,147,Bk,5.02
97,148,Bk,4.95
97,149,Bk,1.80
97,150,Bk,1380
97,151,Bk,9
97,152,Bk,330
97,153,Bk,3.212
97,154,Bk,55.6
97,156,Bk,10
98,139,Cf,2.1
98,140,Cf,21.1
98,141,Cf,39
98,142,Cf,0.96
98,143,Cf,3.78
98,144,Cf,3.5
98,145,Cf,10.7
98,146,Cf,19.4
98,147,Cf,45.0
98,148,Cf,35.7
98,149,Cf,3.11
98,150,Cf,333.5
98,151,Cf,351
98,152,Cf,13.08
98,153,Cf,898
98,154,Cf,2.647
98,155,Cf,17.81
98,156,Cf,60.5
98,157,Cf,85
98,158,Cf,12.3
99,141,Es,6
99,142,Es,8
99,143,Es,17.8
99,144,Es,21
99,145,Es,37
99,146,Es,1.1
99,147,Es,7.5
99,149,Es,24
99,150,Es,102.2
99,151,Es,8.6
99,152,Es,33
99,153,Es,471.7
99,154,Es,20.47
99,155,Es,275.7
99,156,Es,39.8
99,157,Es,25.4
99,158,Es,7.7
100,141,Fm,0.73
100,142,Fm,0.8
100,143,Fm,231
100,144,Fm,3.12
100,145,Fm,4.2
100,146,Fm,1.54
100,147,Fm,31
100,148,Fm,34.5
100,149,Fm,2.6
100,150,Fm,30
100,151,Fm,5.30
100,152,Fm,25.39
100,153,Fm,3.00
100,154,Fm,3.240
100,155,Fm,20.07
100,156,Fm,157.1
100,157,Fm,100.5
100,158,Fm,370
100,159,Fm,1.5
101,143,Md,0.38
101,144,Md,0.90
101,145,Md,0.9
101,146,Md,1.2
101,147,Md,7
101,148,Md,21.7
101,149,Md,52
101,150,Md,4.0
101,151,Md,2.3
101,152,Md,6
101,153,Md,10
101,154,Md,27
101,155,Md,77.7
101,156,Md,5.52
101,157,Md,51.50
101,158,Md,1.60
101,159,Md,31.8
102,146,No,2
102,147,No,38.1
102,148,No,4.2
102,149,No,0.80
102,150,No,2.46
102,151,No,1.62
102,152,No,51.2
102,153,No,3.52
102,154,No,2.91
102,155,No,24.5
102,156,No,1.2
102,157,No,58
102,158,No,106
102,160,No,5
103,149,Lr,0.33
103,150,Lr,0.57
103,151,Lr,18.1
103,152,Lr,31.1
103,153,Lr,27.9
103,154,Lr,4
103,155,Lr,3.92
103,156,Lr,6.2
103,157,Lr,180
103,158,Lr,39
103,159,Lr,4
103,161,Lr,4.9
103,163,Lr,11
104,149,Rf,9.9
104,150,Rf,23.2
104,151,Rf,1.68
104,152,Rf,6.67
104,153,Rf,4.4
104,154,Rf,12.0
104,155,Rf,2.4
104,156,Rf,21
104,157,Rf,68
104,158,Rf,2.3
104,159,Rf,10
104,161,Rf,1.0
104,163,Rf,1.3
105,150,Db,1.6
105,151,Db,1.6
105,152,Db,2.3
105,153,Db,4.3
105,154,Db,0.51
105,155,Db,1.52
105,156,Db,1.8
105,157,Db,35
105,158,Db,27
105,161,Db,0.4
105,162,Db,79
105,163,Db,28
105,165,Db,15
106,152,Sg,2.5
106,153,Sg,0.29
106,154,Sg,3.6
106,155,Sg,0.23
106,156,Sg,6.9
106,157,Sg,1.0
106,158,Sg,37
106,159,Sg,14.4
106,160,Sg,0.34
106,161,Sg,84
106,163,Sg,1.3E2
106,165,Sg,96
107,153,Bh,35
107,154,Bh,12
107,155,Bh,102
107,157,Bh,0.44
107,159,Bh,2.1
107,160,Bh,14
107,163,Bh,1.0
107,164,Bh,1.5
107,165,Bh,10.5
107,167,Bh,44
107,171,Bh,19
108,156,Hs,0.8
108,157,Hs,2.0
108,158,Hs,2.97
108,159,Hs,43
108,160,Hs,0.4
108,161,Hs,13
108,162,Hs,7.6
108,165,Hs,0.51
108,167,Hs,0.20
108,169,Hs,3
108,170,Hs,19
109,157,Mt,2.1
109,159,Mt,21
109,161,Mt,0.48
109,165,Mt,0.44
109,166,Mt,20
109,167,Mt,0.69
109,168,Mt,4
109,169,Mt,4.5
109,173,Mt,1.1
110,157,Ds,3
110,159,Ds,0.18
110,160,Ds,0.20
110,161,Ds,1.6
110,163,Ds,0.19
110,167,Ds,3.5
110,169,Ds,0.216
110,170,Ds,7
110,171,Ds,12
110,172,Ds,1.1
111,161,Rg,3.8
111,163,Rg,12
111,167,Rg,4.2
111,168,Rg,0.09
111,169,Rg,4.4
111,170,Rg,15
111,171,Rg,100
111,175,Rg,11
112,165,Cn,0.61
112,169,Cn,0.18
112,170,Cn,0.96
112,171,Cn,4.6
112,172,Cn,108
112,173,Cn,33
112,174,Cn,11
113,165,Nh,1.4
113,169,Nh,0.07
113,170,Nh,0.07
113,171,Nh,0.97
113,172,Nh,0.93
113,173,Nh,9.5
113,177,Nh,2
114,170,Fl,2.5
114,171,Fl,101
114,172,Fl,166
114,173,Fl,0.40
114,174,Fl,0.64
114,175,Fl,2.4
114,176,Fl,19
115,172,Mc,37
115,173,Mc,0.17
115,174,Mc,296
115,175,Mc,0.65
116,174,Lv,8.3
116,175,Lv,19
116,176,Lv,12.8
116,177,Lv,95
117,176,Ts,21
117,177,Ts,51
118,176,Og,0.58
